,Name,Url,Race
0,adanel.,http://lotr.wikia.com//wiki/Adanel,Human
1,adrahil.,http://lotr.wikia.com//wiki/Adrahil_I,Human
2,adrahil.,http://lotr.wikia.com//wiki/Adrahil_II,Human
3,aegnor.,http://lotr.wikia.com//wiki/Aegnor,Elf
4,aerin.,http://lotr.wikia.com//wiki/Aerin,Human
5,aglahad.,http://lotr.wikia.com//wiki/Aglahad,Human
6,ailinel.,http://lotr.wikia.com//wiki/Ailinel,Human
7,aldamir.,http://lotr.wikia.com//wiki/Aldamir,Human
8,aldor.,http://lotr.wikia.com//wiki/Aldor,Human
9,algund.,http://lotr.wikia.com//wiki/Algund,Human
10,almarian.,http://lotr.wikia.com//wiki/Almarian,Human
11,almiel.,http://lotr.wikia.com//wiki/Almiel,Human
12,alphros.,http://lotr.wikia.com//wiki/Alphros,Human
13,amandil.,http://lotr.wikia.com//wiki/Amandil,Human
14,amarië.,http://lotr.wikia.com//wiki/Amari%C3%AB,Elf
15,amdír.,http://lotr.wikia.com//wiki/Amd%C3%ADr,Elf
16,amlaith.,http://lotr.wikia.com//wiki/Amlaith,Human
17,amras.,http://lotr.wikia.com//wiki/Amras,Elf
18,amrod.,http://lotr.wikia.com//wiki/Amrod,Elf
19,amroth.,http://lotr.wikia.com//wiki/Amroth,Elf
20,amrothos.,http://lotr.wikia.com//wiki/Amrothos,Human
21,anairë.,http://lotr.wikia.com//wiki/Anair%C3%AB,Elf
22,anardil.,http://lotr.wikia.com//wiki/Anardil,Human
23,anborn.,http://lotr.wikia.com//wiki/Anborn,Human
24,andreth.,http://lotr.wikia.com//wiki/Andreth,Human
25,andróg.,http://lotr.wikia.com//wiki/Andr%C3%B3g,Human
26,angamaitë.,http://lotr.wikia.com//wiki/Angamait%C3%AB,Human
27,angbor.,http://lotr.wikia.com//wiki/Angbor,Human
28,angelimir.,http://lotr.wikia.com//wiki/Angelimir,Human
29,angrod.,http://lotr.wikia.com//wiki/Angrod,Elf
30,annael.,http://lotr.wikia.com//wiki/Annael,Elf
31,anárion.,http://lotr.wikia.com//wiki/An%C3%A1rion,Human
32,ar-adûnakhôr.,http://lotr.wikia.com//wiki/Ar-Ad%C3%BBnakh%C3%B4r,Human
33,ar-gimilzôr.,http://lotr.wikia.com//wiki/Ar-Gimilz%C3%B4r,Human
34,ar-pharazôn.,http://lotr.wikia.com//wiki/Ar-Pharaz%C3%B4n,Human
35,ar-sakalthôr.,http://lotr.wikia.com//wiki/Ar-Sakalth%C3%B4r,Human
36,ar-zimrathôn.,http://lotr.wikia.com//wiki/Ar-Zimrath%C3%B4n,Human
37,arador.,http://lotr.wikia.com//wiki/Arador,Human
38,araglas.,http://lotr.wikia.com//wiki/Araglas,Human
39,aragorn.,http://lotr.wikia.com//wiki/Aragorn_I,Human
40,aragorn.,http://lotr.wikia.com//wiki/Aragorn_II_Elessar,Human
41,aragost.,http://lotr.wikia.com//wiki/Aragost,Human
42,arahad.,http://lotr.wikia.com//wiki/Arahad_I,Human
43,arahad.,http://lotr.wikia.com//wiki/Arahad_II,Human
44,arahael.,http://lotr.wikia.com//wiki/Arahael,Human
45,aranarth.,http://lotr.wikia.com//wiki/Aranarth,Human
46,arantar.,http://lotr.wikia.com//wiki/Arantar,Human
47,aranuir.,http://lotr.wikia.com//wiki/Aranuir,Human
48,aranwë.,http://lotr.wikia.com//wiki/Aranw%C3%AB,Elf
49,araphant.,http://lotr.wikia.com//wiki/Araphant,Human
50,araphor.,http://lotr.wikia.com//wiki/Araphor,Human
51,arassuil.,http://lotr.wikia.com//wiki/Arassuil,Human
52,aratan.,http://lotr.wikia.com//wiki/Aratan,Human
53,arathorn.,http://lotr.wikia.com//wiki/Arathorn_I,Human
54,arathorn.,http://lotr.wikia.com//wiki/Arathorn_II,Human
55,araval.,http://lotr.wikia.com//wiki/Araval,Human
56,aravir.,http://lotr.wikia.com//wiki/Aravir,Human
57,aravorn.,http://lotr.wikia.com//wiki/Aravorn,Human
58,arciryas.,http://lotr.wikia.com//wiki/Arciryas,Human
59,ardamir.,http://lotr.wikia.com//wiki/Ardamir_(son_of_Axantur),Human
60,aredhel.,http://lotr.wikia.com//wiki/Aredhel,Elf
61,argeleb.,http://lotr.wikia.com//wiki/Argeleb_I,Human
62,argeleb.,http://lotr.wikia.com//wiki/Argeleb_II,Human
63,argon.,http://lotr.wikia.com//wiki/Argon,Elf
64,argonui.,http://lotr.wikia.com//wiki/Argonui,Human
65,arminas.,http://lotr.wikia.com//wiki/Arminas,Elf
66,arthad.,http://lotr.wikia.com//wiki/Arthad,Human
67,arvedui.,http://lotr.wikia.com//wiki/Arvedui,Human
68,arvegil.,http://lotr.wikia.com//wiki/Arvegil,Human
69,arveleg.,http://lotr.wikia.com//wiki/Arveleg_I,Human
70,arveleg.,http://lotr.wikia.com//wiki/Arveleg_II,Human
71,arwen.,http://lotr.wikia.com//wiki/Arwen,Elf
72,atanalcar.,http://lotr.wikia.com//wiki/Atanalcar,Human
73,atanatar.,http://lotr.wikia.com//wiki/Atanatar_I,Human
74,atanatar.,http://lotr.wikia.com//wiki/Atanatar_II,Human
75,aulendil.,http://lotr.wikia.com//wiki/Aulendil_(Vardamir%27s_son),Human
76,axantur.,http://lotr.wikia.com//wiki/Axantur,Human
77,azaghâl.,http://lotr.wikia.com//wiki/Azagh%C3%A2l,Dwarf
78,angelica.,http://lotr.wikia.com//wiki/Angelica_Baggins,Hobbit
79,balbo.,http://lotr.wikia.com//wiki/Balbo_Baggins,Hobbit
80,belladonna.,http://lotr.wikia.com//wiki/Belladonna_(Took)_Baggins,Hobbit
81,berylla.,http://lotr.wikia.com//wiki/Berylla_(Boffin)_Baggins,Hobbit
82,bungo.,http://lotr.wikia.com//wiki/Bungo_Baggins,Hobbit
83,drogo.,http://lotr.wikia.com//wiki/Drogo_Baggins,Hobbit
84,dudo.,http://lotr.wikia.com//wiki/Dudo_Baggins,Hobbit
85,fosco.,http://lotr.wikia.com//wiki/Fosco_Baggins,Hobbit
86,frodo.,http://lotr.wikia.com//wiki/Frodo_Baggins,Hobbit
87,laura.,http://lotr.wikia.com//wiki/Laura_(Grubb)_Baggins,Hobbit
88,longo.,http://lotr.wikia.com//wiki/Longo_Baggins,Hobbit
89,mungo.,http://lotr.wikia.com//wiki/Mungo_Baggins,Hobbit
90,peony.,http://lotr.wikia.com//wiki/Peony_(Baggins)_Burrows,Hobbit
91,ponto.,http://lotr.wikia.com//wiki/Ponto_Baggins,Hobbit
92,ponto.,http://lotr.wikia.com//wiki/Ponto_Baggins_II,Hobbit
93,porto.,http://lotr.wikia.com//wiki/Porto_Baggins,Hobbit
94,bain.,http://lotr.wikia.com//wiki/Bain,Human
95,balin.,http://lotr.wikia.com//wiki/Balin,Dwarf
96,baragund.,http://lotr.wikia.com//wiki/Baragund,Human
97,barahir.,http://lotr.wikia.com//wiki/Barahir,Human
98,barahir.,http://lotr.wikia.com//wiki/Barahir_(Steward),Human
99,baran.,http://lotr.wikia.com//wiki/Baran,Human
100,baranor.,http://lotr.wikia.com//wiki/Baranor,Human
101,baranor.,http://lotr.wikia.com//wiki/Baranor_(Gondor),Human
102,bard.,http://lotr.wikia.com//wiki/Bard,Human
103,bard.,http://lotr.wikia.com//wiki/Bard_II,Human
104,beldir.,http://lotr.wikia.com//wiki/Beldir,Human
105,beldis.,http://lotr.wikia.com//wiki/Beldis,Human
106,belecthor.,http://lotr.wikia.com//wiki/Belecthor_I,Human
107,belecthor.,http://lotr.wikia.com//wiki/Belecthor_II,Human
108,beleg.,http://lotr.wikia.com//wiki/Beleg_of_Arnor,Human
109,belegorn.,http://lotr.wikia.com//wiki/Belegorn,Human
110,belegund.,http://lotr.wikia.com//wiki/Belegund,Human
111,belemir.,http://lotr.wikia.com//wiki/Belemir,Human
112,belen.,http://lotr.wikia.com//wiki/Belen,Human
113,beorn.,http://lotr.wikia.com//wiki/Beorn,Human
114,bereg.,http://lotr.wikia.com//wiki/Bereg,Human
115,beregond.,http://lotr.wikia.com//wiki/Beregond,Human
116,beregond.,http://lotr.wikia.com//wiki/Beregond_(Captain),Human
117,berelach.,http://lotr.wikia.com//wiki/Berelach,Human
118,beren.,http://lotr.wikia.com//wiki/Beren,Human
119,beren.,http://lotr.wikia.com//wiki/Beren_(Belemir%27s_son),Human
120,beren.,http://lotr.wikia.com//wiki/Beren_(Steward),Human
121,bergil.,http://lotr.wikia.com//wiki/Bergil,Human
122,bifur.,http://lotr.wikia.com//wiki/Bifur,Dwarf
123,bilbo.,http://lotr.wikia.com//wiki/Bilbo_Baggins,Hobbit
124,black.,http://lotr.wikia.com//wiki/Black_Serpent,Human
125,bladorthin.,http://lotr.wikia.com//wiki/Bladorthin,Human
126,blanco.,http://lotr.wikia.com//wiki/Blanco,Hobbit
127,bob.,http://lotr.wikia.com//wiki/Bob,Hobbit
128,donnamira.,http://lotr.wikia.com//wiki/Donnamira_(Took)_Boffin,Hobbit
129,basso.,http://lotr.wikia.com//wiki/Basso_Boffin,Hobbit
130,bosco.,http://lotr.wikia.com//wiki/Bosco_Boffin,Hobbit
131,buffo.,http://lotr.wikia.com//wiki/Buffo_Boffin,Hobbit
132,daisy.,http://lotr.wikia.com//wiki/Daisy_(Baggins)_Boffin,Hobbit
133,druda.,http://lotr.wikia.com//wiki/Druda_Burrows_Boffin,Hobbit
134,folco.,http://lotr.wikia.com//wiki/Folco_Boffin,Hobbit
135,gerda.,http://lotr.wikia.com//wiki/Gerda_(Boffin)_Bolger,Hobbit
136,griffo.,http://lotr.wikia.com//wiki/Griffo_Boffin,Hobbit
137,hugo.,http://lotr.wikia.com//wiki/Hugo_Boffin,Hobbit
138,ivy.,http://lotr.wikia.com//wiki/Ivy_(Goodenough)_Boffin,Hobbit
139,jago.,http://lotr.wikia.com//wiki/Jago_Boffin,Hobbit
140,otto.,http://lotr.wikia.com//wiki/Otto_Boffin,Hobbit
141,rollo.,http://lotr.wikia.com//wiki/Rollo_Boffin,Hobbit
142,tosto.,http://lotr.wikia.com//wiki/Tosto_Boffin,Hobbit
143,vigo.,http://lotr.wikia.com//wiki/Vigo_Boffin,Hobbit
144,bofur.,http://lotr.wikia.com//wiki/Bofur,Dwarf
145,filibert.,http://lotr.wikia.com//wiki/Filibert_Bolger,Hobbit
146,fredegar.,http://lotr.wikia.com//wiki/Fredegar_Bolger,Hobbit
147,jessamine.,http://lotr.wikia.com//wiki/Jessamine_(Boffin)_Bolger,Hobbit
148,odovacar.,http://lotr.wikia.com//wiki/Odovacar_Bolger,Hobbit
149,rosamunda.,http://lotr.wikia.com//wiki/Rosamunda_(Took)_Bolger,Hobbit
150,wilibald.,http://lotr.wikia.com//wiki/Wilibald_Bolger,Hobbit
151,bombur.,http://lotr.wikia.com//wiki/Bombur,Dwarf
152,borin.,http://lotr.wikia.com//wiki/Borin,Dwarf
153,borlach.,http://lotr.wikia.com//wiki/Borlach,Human
154,borlad.,http://lotr.wikia.com//wiki/Borlad,Human
155,borlas.,http://lotr.wikia.com//wiki/Borlas,Human
156,boromir.,http://lotr.wikia.com//wiki/Boromir,Human
157,boromir.,http://lotr.wikia.com//wiki/Boromir_(House_of_B%C3%ABor),Human
158,boromir.,http://lotr.wikia.com//wiki/Boromir_(Steward),Human
159,boron.,http://lotr.wikia.com//wiki/Boron,Human
160,borondir.,http://lotr.wikia.com//wiki/Borondir,Human
161,borthand.,http://lotr.wikia.com//wiki/Borthand,Human
162,blanco.,http://lotr.wikia.com//wiki/Blanco_Bracegirdle,Hobbit
163,bruno.,http://lotr.wikia.com//wiki/Bruno_Bracegirdle,Hobbit
164,primrose.,http://lotr.wikia.com//wiki/Primrose_Bracegirdle,Hobbit
165,brand.,http://lotr.wikia.com//wiki/Brand,Human
166,brandir.,http://lotr.wikia.com//wiki/Brandir,Human
167,adaldrida.,http://lotr.wikia.com//wiki/Adaldrida_(Bolger)_Brandybuck,Hobbit
168,amaranth.,http://lotr.wikia.com//wiki/Amaranth_Brandybuck,Hobbit
169,celandine.,http://lotr.wikia.com//wiki/Celandine_Brandybuck,Hobbit
170,esmeralda.,http://lotr.wikia.com//wiki/Esmeralda_Brandybuck,Hobbit
171,estella.,http://lotr.wikia.com//wiki/Estella_(Bolger)_Brandybuck,Hobbit
172,hilda.,http://lotr.wikia.com//wiki/Hilda_Brandybuck,Hobbit
173,madoc.,http://lotr.wikia.com//wiki/Madoc_Brandybuck,Hobbit
174,melilot.,http://lotr.wikia.com//wiki/Melilot_Brandybuck,Hobbit
175,mentha.,http://lotr.wikia.com//wiki/Mentha_Brandybuck,Hobbit
176,meriadoc.,http://lotr.wikia.com//wiki/Meriadoc_Brandybuck,Hobbit
177,mirabella.,http://lotr.wikia.com//wiki/Mirabella_(Took)_Brandybuck,Hobbit
178,primula.,http://lotr.wikia.com//wiki/Primula_(Brandybuck)_Baggins,Hobbit
179,seredic.,http://lotr.wikia.com//wiki/Seredic_Brandybuck,Hobbit
180,brego.,http://lotr.wikia.com//wiki/Brego,Human
181,bregolas.,http://lotr.wikia.com//wiki/Bregolas,Human
182,bregor.,http://lotr.wikia.com//wiki/Bregor,Human
183,sapphira.,http://lotr.wikia.com//wiki/Sapphira_(Brockhouse)_Boffin,Hobbit
184,bucca.,http://lotr.wikia.com//wiki/Bucca_of_the_Marish,Hobbit
185,asphodel.,http://lotr.wikia.com//wiki/Asphodel_(Brandybuck)_Burrows,Hobbit
186,milo.,http://lotr.wikia.com//wiki/Milo_Burrows,Hobbit
187,minto.,http://lotr.wikia.com//wiki/Minto_Burrows,Hobbit
188,bëor.,http://lotr.wikia.com//wiki/B%C3%ABor,Human
189,bór.,http://lotr.wikia.com//wiki/B%C3%B3r,Human
190,calimehtar.,http://lotr.wikia.com//wiki/Calimehtar,Human
191,caliondo.,http://lotr.wikia.com//wiki/Caliondo,Human
192,calmacil.,http://lotr.wikia.com//wiki/Calmacil,Human
193,caranthir.,http://lotr.wikia.com//wiki/Caranthir,Elf
194,castamir.,http://lotr.wikia.com//wiki/Castamir_the_Usurper,Human
195,celeborn.,http://lotr.wikia.com//wiki/Celeborn,Elf
196,celebrimbor.,http://lotr.wikia.com//wiki/Celebrimbor,Elf
197,celebrindor.,http://lotr.wikia.com//wiki/Celebrindor,Human
198,celebrían.,http://lotr.wikia.com//wiki/Celebr%C3%ADan,Elf
199,celegorm.,http://lotr.wikia.com//wiki/Celegorm,Elf
200,celepharn.,http://lotr.wikia.com//wiki/Celepharn,Human
201,cemendur.,http://lotr.wikia.com//wiki/Cemendur,Human
202,cemendur.,http://lotr.wikia.com//wiki/Cemendur_(son_of_Axantur),Human
203,ceorl.,http://lotr.wikia.com//wiki/Ceorl,Human
204,falco.,http://lotr.wikia.com//wiki/Falco_Chubb-Baggins,Hobbit
205,cirion.,http://lotr.wikia.com//wiki/Cirion,Human
206,ciryandil.,http://lotr.wikia.com//wiki/Ciryandil,Human
207,ciryatur.,http://lotr.wikia.com//wiki/Ciryatur,Human
208,ciryon.,http://lotr.wikia.com//wiki/Ciryon,Human
209,bowman.,http://lotr.wikia.com//wiki/Bowman_Cotton,Hobbit
210,lily.,http://lotr.wikia.com//wiki/Lily_Cotton,Hobbit
211,marigold.,http://lotr.wikia.com//wiki/Marigold_(Gamgee)_Cotton,Hobbit
212,rosie.,http://lotr.wikia.com//wiki/Rosie_Cotton,Hobbit
213,tolman.,http://lotr.wikia.com//wiki/Tolman_Cotton,Hobbit
214,curufin.,http://lotr.wikia.com//wiki/Curufin,Elf
215,círdan.,http://lotr.wikia.com//wiki/C%C3%ADrdan,Elf
216,dairuin.,http://lotr.wikia.com//wiki/Dairuin,Human
217,damrod.,http://lotr.wikia.com//wiki/Damrod,Human
218,denethor.,http://lotr.wikia.com//wiki/Denethor_(First_Age),Elf
219,denethor.,http://lotr.wikia.com//wiki/Denethor_I,Human
220,denethor.,http://lotr.wikia.com//wiki/Denethor_II,Human
221,derufin.,http://lotr.wikia.com//wiki/Derufin,Human
222,dervorin.,http://lotr.wikia.com//wiki/Dervorin,Human
223,diamond.,http://lotr.wikia.com//wiki/Diamond_Took,Hobbit
224,dinodas.,http://lotr.wikia.com//wiki/Dinodas_Brandybuck,Hobbit
225,dior.,http://lotr.wikia.com//wiki/Dior_(Steward),Human
226,dodinas.,http://lotr.wikia.com//wiki/Dodinas_Brandybuck,Hobbit
227,dori.,http://lotr.wikia.com//wiki/Dori,Dwarf
228,dorlas.,http://lotr.wikia.com//wiki/Dorlas,Human
229,duilin.,http://lotr.wikia.com//wiki/Duilin,Human
230,duinhir.,http://lotr.wikia.com//wiki/Duinhir,Human
231,durin.,http://lotr.wikia.com//wiki/Durin_VII,Dwarf
232,dwalin.,http://lotr.wikia.com//wiki/Dwalin,Dwarf
233,dáin.,http://lotr.wikia.com//wiki/D%C3%A1in_I,Dwarf
234,dáin.,http://lotr.wikia.com//wiki/D%C3%A1in_II_Ironfoot,Dwarf
235,déagol.,http://lotr.wikia.com//wiki/D%C3%A9agol,Hobbit
236,déor.,http://lotr.wikia.com//wiki/D%C3%A9or,Human
237,déorwine.,http://lotr.wikia.com//wiki/D%C3%A9orwine,Human
238,dírhael.,http://lotr.wikia.com//wiki/D%C3%ADrhael,Human
239,dírhavel.,http://lotr.wikia.com//wiki/D%C3%ADrhavel,Human
240,dís.,http://lotr.wikia.com//wiki/D%C3%ADs,Dwarf
241,dúnhere.,http://lotr.wikia.com//wiki/D%C3%BAnhere,Human
242,ecthelion.,http://lotr.wikia.com//wiki/Ecthelion_I,Human
243,ecthelion.,http://lotr.wikia.com//wiki/Ecthelion_II,Human
244,edrahil.,http://lotr.wikia.com//wiki/Edrahil,Elf
245,egalmoth.,http://lotr.wikia.com//wiki/Egalmoth,Human
246,eglantine.,http://lotr.wikia.com//wiki/Eglantine_(Banks)_Took,Hobbit
247,eilinel.,http://lotr.wikia.com//wiki/Eilinel,Human
248,elatan.,http://lotr.wikia.com//wiki/Elatan,Human
249,elboron.,http://lotr.wikia.com//wiki/Elboron,Human
250,eldacar.,http://lotr.wikia.com//wiki/Eldacar_(King_of_Arnor),Human
251,eldacar.,http://lotr.wikia.com//wiki/Eldacar_(King_of_Gondor),Human
252,eldalótë.,http://lotr.wikia.com//wiki/Eldal%C3%B3t%C3%AB,Elf
253,eldarion.,http://lotr.wikia.com//wiki/Eldarion,Human
254,elemmírë.,http://lotr.wikia.com//wiki/Elemm%C3%ADr%C3%AB_(elf),Elf
255,elendil.,http://lotr.wikia.com//wiki/Elendil,Human
256,elendur.,http://lotr.wikia.com//wiki/Elendur,Human
257,elendur.,http://lotr.wikia.com//wiki/Elendur_of_Arnor,Human
258,elenwë.,http://lotr.wikia.com//wiki/Elenw%C3%AB,Elf
259,elfhelm.,http://lotr.wikia.com//wiki/Elfhelm,Human
260,elfhild.,http://lotr.wikia.com//wiki/Elfhild,Human
261,elfwine.,http://lotr.wikia.com//wiki/Elfwine,Human
262,elladan.,http://lotr.wikia.com//wiki/Elladan_and_Elrohir,Elf
263,elphir.,http://lotr.wikia.com//wiki/Elphir,Human
264,elrond.,http://lotr.wikia.com//wiki/Elrond,Elf
265,emeldir.,http://lotr.wikia.com//wiki/Emeldir,Human
266,enel.,http://lotr.wikia.com//wiki/Enel,Elf
267,enelyë.,http://lotr.wikia.com//wiki/Enely%C3%AB,Elf
268,enerdhil.,http://lotr.wikia.com//wiki/Enerdhil,Elf
269,éomer.,http://lotr.wikia.com//wiki/%C3%89omer,Human
270,eorl.,http://lotr.wikia.com//wiki/Eorl_the_Young,Human
271,éowyn.,http://lotr.wikia.com//wiki/%C3%89owyn,Human
272,eradan.,http://lotr.wikia.com//wiki/Eradan,Human
273,erchirion.,http://lotr.wikia.com//wiki/Erchirion,Human
274,erellont.,http://lotr.wikia.com//wiki/Erellont,Elf
275,erendis.,http://lotr.wikia.com//wiki/Erendis,Human
276,erestor.,http://lotr.wikia.com//wiki/Erestor,Elf
277,erkenbrand.,http://lotr.wikia.com//wiki/Erkenbrand,Human
278,estelmo.,http://lotr.wikia.com//wiki/Estelmo,Human
279,eärendil.,http://lotr.wikia.com//wiki/E%C3%A4rendil_of_Gondor,Human
280,eärendur.,http://lotr.wikia.com//wiki/E%C3%A4rendur_(Lord_of_And%C3%BAni%C3%AB),Human
281,eärendur.,http://lotr.wikia.com//wiki/E%C3%A4rendur_of_Arnor,Human
282,eärendur.,http://lotr.wikia.com//wiki/E%C3%A4rendur_of_N%C3%BAmenor,Human
283,eärnil.,http://lotr.wikia.com//wiki/E%C3%A4rnil_I,Human
284,eärnil.,http://lotr.wikia.com//wiki/E%C3%A4rnil_II,Human
285,eärnur.,http://lotr.wikia.com//wiki/E%C3%A4rnur,Human
286,eärwen.,http://lotr.wikia.com//wiki/E%C3%A4rwen,Elf
287,eöl.,http://lotr.wikia.com//wiki/E%C3%B6l,Elf
288,faramir.,http://lotr.wikia.com//wiki/Faramir,Human
289,faramir.,http://lotr.wikia.com//wiki/Faramir_(son_of_Ondoher),Human
290,farin.,http://lotr.wikia.com//wiki/Farin,Dwarf
291,fastolph.,http://lotr.wikia.com//wiki/Fastolph_Bolger,Hobbit
292,fastred.,http://lotr.wikia.com//wiki/Fastred,Human
293,fastred.,http://lotr.wikia.com//wiki/Fastred_(Pelennor_Fields),Human
294,fengel.,http://lotr.wikia.com//wiki/Fengel,Human
295,ferumbras.,http://lotr.wikia.com//wiki/Ferumbras_Took_II,Hobbit
296,finarfin.,http://lotr.wikia.com//wiki/Finarfin,Elf
297,findegil.,http://lotr.wikia.com//wiki/Findegil,Human
298,findis.,http://lotr.wikia.com//wiki/Findis,Elf
299,finduilas.,http://lotr.wikia.com//wiki/Finduilas,Elf
300,finduilas.,http://lotr.wikia.com//wiki/Finduilas_of_Dol_Amroth,Human
301,fingolfin.,http://lotr.wikia.com//wiki/Fingolfin,Elf
302,fingon.,http://lotr.wikia.com//wiki/Fingon,Elf
303,finrod.,http://lotr.wikia.com//wiki/Finrod,Elf
304,finwë.,http://lotr.wikia.com//wiki/Finw%C3%AB,Elf
305,flói.,http://lotr.wikia.com//wiki/Fl%C3%B3i,Dwarf
306,folca.,http://lotr.wikia.com//wiki/Folca,Human
307,folcred.,http://lotr.wikia.com//wiki/Folcred,Human
308,folcwine.,http://lotr.wikia.com//wiki/Folcwine,Human
309,forlong.,http://lotr.wikia.com//wiki/Forlong,Human
310,forthwini.,http://lotr.wikia.com//wiki/Forthwini,Human
311,fortinbras.,http://lotr.wikia.com//wiki/Fortinbras_Took_I,Hobbit
312,forweg.,http://lotr.wikia.com//wiki/Forweg,Human
313,fram.,http://lotr.wikia.com//wiki/Fram,Human
314,freca.,http://lotr.wikia.com//wiki/Freca,Human
315,frerin.,http://lotr.wikia.com//wiki/Frerin,Dwarf
316,frumgar.,http://lotr.wikia.com//wiki/Frumgar,Human
317,frár.,http://lotr.wikia.com//wiki/Fr%C3%A1r,Dwarf
318,fréa.,http://lotr.wikia.com//wiki/Fr%C3%A9a,Human
319,fréaláf.,http://lotr.wikia.com//wiki/Fr%C3%A9al%C3%A1f_Hildeson,Human
320,fréawine.,http://lotr.wikia.com//wiki/Fr%C3%A9awine,Human
321,frór.,http://lotr.wikia.com//wiki/Fr%C3%B3r,Dwarf
322,fundin.,http://lotr.wikia.com//wiki/Fundin,Dwarf
323,fëanor.,http://lotr.wikia.com//wiki/F%C3%ABanor,Elf
324,fíli.,http://lotr.wikia.com//wiki/F%C3%ADli_and_K%C3%ADli,Dwarf
325,fíriel.,http://lotr.wikia.com//wiki/F%C3%ADriel,Human
326,galadriel.,http://lotr.wikia.com//wiki/Galadriel,Elf
327,galar.,http://lotr.wikia.com//wiki/Galar,Dwarf
328,galdor.,http://lotr.wikia.com//wiki/Galdor,Human
329,galdor.,http://lotr.wikia.com//wiki/Galdor_of_the_Havens,Elf
330,galion.,http://lotr.wikia.com//wiki/Galion,Elf
331,daisy.,http://lotr.wikia.com//wiki/Daisy_Gamgee_I,Hobbit
332,frodo.,http://lotr.wikia.com//wiki/Frodo_Gardner,Hobbit
333,halfred.,http://lotr.wikia.com//wiki/Halfred_Gamgee,Hobbit
334,hamfast.,http://lotr.wikia.com//wiki/Hamfast_Gamgee,Hobbit
335,hamson.,http://lotr.wikia.com//wiki/Hamson_Gamgee,Hobbit
336,may.,http://lotr.wikia.com//wiki/May_Gamgee,Hobbit
337,samwise.,http://lotr.wikia.com//wiki/Samwise_Gamgee,Hobbit
338,gamling.,http://lotr.wikia.com//wiki/Gamling,Human
339,elanor.,http://lotr.wikia.com//wiki/Elanor_Gardner,Hobbit
340,gelmir.,http://lotr.wikia.com//wiki/Gelmir,Elf
341,gelmir.,http://lotr.wikia.com//wiki/Gelmir_(of_Angrod%27s_kin),Elf
342,gethron.,http://lotr.wikia.com//wiki/Gethron,Human
343,ghân-buri-ghân.,http://lotr.wikia.com//wiki/Gh%C3%A2n-buri-Gh%C3%A2n,Human
344,gil-galad.,http://lotr.wikia.com//wiki/Gil-galad,Elf
345,gildis.,http://lotr.wikia.com//wiki/Gildis,Human
346,gildor.,http://lotr.wikia.com//wiki/Gildor_(Edain),Human
347,gildor.,http://lotr.wikia.com//wiki/Gildor_Inglorion,Elf
348,gilfanon.,http://lotr.wikia.com//wiki/Gilfanon,Elf
349,gilraen.,http://lotr.wikia.com//wiki/Gilraen,Human
350,gimilkhâd.,http://lotr.wikia.com//wiki/Gimilkh%C3%A2d,Human
351,gimilzagar.,http://lotr.wikia.com//wiki/Gimilzagar,Human
352,gimli.,http://lotr.wikia.com//wiki/Gimli,Dwarf
353,girion.,http://lotr.wikia.com//wiki/Girion,Human
354,glirhuin.,http://lotr.wikia.com//wiki/Glirhuin,Human
355,glorfindel.,http://lotr.wikia.com//wiki/Glorfindel,Elf
356,gléowine.,http://lotr.wikia.com//wiki/Gl%C3%A9owine,Human
357,glóin.,http://lotr.wikia.com//wiki/Gl%C3%B3in,Dwarf
358,glóin.,http://lotr.wikia.com//wiki/Gl%C3%B3in_(King_of_Durin%27s_Folk),Dwarf
359,glóredhel.,http://lotr.wikia.com//wiki/Gl%C3%B3redhel,Human
360,golasgil.,http://lotr.wikia.com//wiki/Golasgil,Human
361,goldwine.,http://lotr.wikia.com//wiki/Goldwine,Human
362,hanna.,http://lotr.wikia.com//wiki/Hanna_(Goldworthy)_Brandybuck,Hobbit
363,gorbulas.,http://lotr.wikia.com//wiki/Gorbulas_Brandybuck,Hobbit
364,gorhendad.,http://lotr.wikia.com//wiki/Gorhendad_(Oldbuck)_Brandybuck,Hobbit
365,gorlim.,http://lotr.wikia.com//wiki/Gorlim,Human
366,gormadoc.,http://lotr.wikia.com//wiki/Gormadoc_%22Deepdelver%22_Brandybuck,Hobbit
367,gram.,http://lotr.wikia.com//wiki/Gram,Human
368,erling.,http://lotr.wikia.com//wiki/Erling_Greenhand,Hobbit
369,halfred.,http://lotr.wikia.com//wiki/Halfred_Greenhand,Hobbit
370,hending.,http://lotr.wikia.com//wiki/Hending_Greenhand,Hobbit
371,holman.,http://lotr.wikia.com//wiki/Holman_Greenhand,Hobbit
372,rose.,http://lotr.wikia.com//wiki/Rose_Greenhand,Hobbit
373,grimbeorn.,http://lotr.wikia.com//wiki/Grimbeorn,Human
374,grimbold.,http://lotr.wikia.com//wiki/Grimbold,Human
375,grithnir.,http://lotr.wikia.com//wiki/Grithnir,Human
376,gróin.,http://lotr.wikia.com//wiki/Gr%C3%B3in,Dwarf
377,grór.,http://lotr.wikia.com//wiki/Gr%C3%B3r,Dwarf
378,guilin.,http://lotr.wikia.com//wiki/Guilin,Elf
379,gundor.,http://lotr.wikia.com//wiki/Gundor,Human
380,guthláf.,http://lotr.wikia.com//wiki/Guthl%C3%A1f,Human
381,gwindor.,http://lotr.wikia.com//wiki/Gwindor,Elf
382,gálmód.,http://lotr.wikia.com//wiki/G%C3%A1lm%C3%B3d,Human
383,gárulf.,http://lotr.wikia.com//wiki/G%C3%A1rulf,Human
384,hador.,http://lotr.wikia.com//wiki/Hador,Human
385,hador.,http://lotr.wikia.com//wiki/Hador_(Steward),Human
386,halbarad.,http://lotr.wikia.com//wiki/Halbarad,Human
387,haldir.,http://lotr.wikia.com//wiki/Haldir_(Haladin),Human
388,haldir.,http://lotr.wikia.com//wiki/Haldir_(Lorien),Elf
389,haleth.,http://lotr.wikia.com//wiki/Haleth,Human
390,haleth.,http://lotr.wikia.com//wiki/Haleth_(Helm%27s_son),Human
391,hallacar.,http://lotr.wikia.com//wiki/Hallacar,Human
392,hallas.,http://lotr.wikia.com//wiki/Hallas_(Steward),Human
393,hallatan.,http://lotr.wikia.com//wiki/Hallatan,Human
394,halmir.,http://lotr.wikia.com//wiki/Halmir,Human
395,hamfast.,http://lotr.wikia.com//wiki/Hamfast_of_Gamwich,Hobbit
396,handir.,http://lotr.wikia.com//wiki/Handir,Human
397,hardang.,http://lotr.wikia.com//wiki/Hardang,Human
398,harding.,http://lotr.wikia.com//wiki/Harding,Human
399,hareth.,http://lotr.wikia.com//wiki/Hareth,Human
400,hathaldir.,http://lotr.wikia.com//wiki/Hathaldir,Human
401,hathol.,http://lotr.wikia.com//wiki/Hathol,Human
402,hatholdir.,http://lotr.wikia.com//wiki/Hatholdir,Human
403,helm.,http://lotr.wikia.com//wiki/Helm_Hammerhand,Human
404,henderch.,http://lotr.wikia.com//wiki/Henderch,Human
405,hendor.,http://lotr.wikia.com//wiki/Hendor,Elf
406,herefara.,http://lotr.wikia.com//wiki/Herefara,Human
407,herion.,http://lotr.wikia.com//wiki/Herion,Human
408,herubrand.,http://lotr.wikia.com//wiki/Herubrand,Human
409,herucalmo.,http://lotr.wikia.com//wiki/Herucalmo,Human
410,hirgon.,http://lotr.wikia.com//wiki/Hirgon,Human
411,hirluin.,http://lotr.wikia.com//wiki/Hirluin,Human
412,hob.,http://lotr.wikia.com//wiki/Hob_Gammidge,Hobbit
413,hob.,http://lotr.wikia.com//wiki/Hob_Hayward,Hobbit
414,holfast.,http://lotr.wikia.com//wiki/Holfast_Gardner,Hobbit
415,horn.,http://lotr.wikia.com//wiki/Horn,Human
416,tobias.,http://lotr.wikia.com//wiki/Tobias_Hornblower,Hobbit
417,hundad.,http://lotr.wikia.com//wiki/Hundad,Human
418,hundar.,http://lotr.wikia.com//wiki/Hundar,Human
419,hunthor.,http://lotr.wikia.com//wiki/Hunthor,Human
420,huor.,http://lotr.wikia.com//wiki/Huor,Human
421,hyarmendacil.,http://lotr.wikia.com//wiki/Hyarmendacil_I,Human
422,hyarmendacil.,http://lotr.wikia.com//wiki/Hyarmendacil_II,Human
423,háma.,http://lotr.wikia.com//wiki/H%C3%A1ma,Human
424,háma.,http://lotr.wikia.com//wiki/H%C3%A1ma_(Helm%27s_son),Human
425,húrin.,http://lotr.wikia.com//wiki/H%C3%BArin,Human
426,húrin.,http://lotr.wikia.com//wiki/H%C3%BArin_I,Human
427,húrin.,http://lotr.wikia.com//wiki/H%C3%BArin_II,Human
428,húrin.,http://lotr.wikia.com//wiki/H%C3%BArin_of_Emyn_Arnen,Human
429,ibûn.,http://lotr.wikia.com//wiki/Ib%C3%BBn,Dwarf
430,idril.,http://lotr.wikia.com//wiki/Idril,Elf
431,imin.,http://lotr.wikia.com//wiki/Imin,Elf
432,iminyë.,http://lotr.wikia.com//wiki/Iminy%C3%AB,Elf
433,imlach.,http://lotr.wikia.com//wiki/Imlach,Human
434,imrahil.,http://lotr.wikia.com//wiki/Imrahil,Human
435,imrazôr.,http://lotr.wikia.com//wiki/Imraz%C3%B4r,Human
436,indis.,http://lotr.wikia.com//wiki/Indis,Elf
437,indor.,http://lotr.wikia.com//wiki/Indor,Human
438,ingold.,http://lotr.wikia.com//wiki/Ingold,Human
439,ingwion.,http://lotr.wikia.com//wiki/Ingwion,Elf
440,ingwë.,http://lotr.wikia.com//wiki/Ingw%C3%AB,Elf
441,inzilbêth.,http://lotr.wikia.com//wiki/Inzilb%C3%AAth,Human
442,ioreth.,http://lotr.wikia.com//wiki/Ioreth,Human
443,iorlas.,http://lotr.wikia.com//wiki/Iorlas,Human
444,isembold.,http://lotr.wikia.com//wiki/Isembold_Took,Hobbit
445,isengrim.,http://lotr.wikia.com//wiki/Isengrim_Took_III,Hobbit
446,isildur.,http://lotr.wikia.com//wiki/Isildur,Human
447,isilmo.,http://lotr.wikia.com//wiki/Isilmo,Human
448,isilmë.,http://lotr.wikia.com//wiki/Isilm%C3%AB,Human
449,ivorwen.,http://lotr.wikia.com//wiki/Ivorwen,Human
450,ivriniel.,http://lotr.wikia.com//wiki/Ivriniel,Human
451,lalaith.,http://lotr.wikia.com//wiki/Lalaith,Human
452,larnach.,http://lotr.wikia.com//wiki/Larnach,Human
453,legolas.,http://lotr.wikia.com//wiki/Legolas,Elf
454,lenwë.,http://lotr.wikia.com//wiki/Lenw%C3%AB,Elf
455,lindir.,http://lotr.wikia.com//wiki/Lindir,Elf
456,lindissë.,http://lotr.wikia.com//wiki/Lindiss%C3%AB,Human
457,lindo.,http://lotr.wikia.com//wiki/Lindo,Elf
458,lindórië.,http://lotr.wikia.com//wiki/Lind%C3%B3ri%C3%AB,Human
459,lorgan.,http://lotr.wikia.com//wiki/Lorgan,Human
460,lothíriel.,http://lotr.wikia.com//wiki/Loth%C3%ADriel,Human
461,léod.,http://lotr.wikia.com//wiki/L%C3%A9od,Human
462,brytta.,http://lotr.wikia.com//wiki/Brytta_L%C3%A9ofa,Human
463,lóni.,http://lotr.wikia.com//wiki/L%C3%B3ni,Dwarf
464,lúthien.,http://lotr.wikia.com//wiki/L%C3%BAthien,Elf
465,mablung.,http://lotr.wikia.com//wiki/Mablung_the_Ranger,Human
466,maedhros.,http://lotr.wikia.com//wiki/Maedhros,Elf
467,maeglin.,http://lotr.wikia.com//wiki/Maeglin,Elf
468,farmer.,http://lotr.wikia.com//wiki/Farmer_Maggot,Hobbit
469,maglor.,http://lotr.wikia.com//wiki/Maglor,Elf
470,magor.,http://lotr.wikia.com//wiki/Magor,Human
471,mahtan.,http://lotr.wikia.com//wiki/Mahtan,Elf
472,mairen.,http://lotr.wikia.com//wiki/Mairen,Human
473,malach.,http://lotr.wikia.com//wiki/Malach,Human
474,malbeth.,http://lotr.wikia.com//wiki/Malbeth_the_Seer,Human
475,mallor.,http://lotr.wikia.com//wiki/Mallor,Human
476,malva.,http://lotr.wikia.com//wiki/Malva_%22Headstrong%22_Brandybuck,Hobbit
477,malvegil.,http://lotr.wikia.com//wiki/Malvegil,Human
478,manthor.,http://lotr.wikia.com//wiki/Manthor,Human
479,manwendil.,http://lotr.wikia.com//wiki/Manwendil,Human
480,marach.,http://lotr.wikia.com//wiki/Marach,Human
481,marcho.,http://lotr.wikia.com//wiki/Marcho,Hobbit
482,mardil.,http://lotr.wikia.com//wiki/Mardil_Voronw%C3%AB,Human
483,marhari.,http://lotr.wikia.com//wiki/Marhari,Human
484,marhwini.,http://lotr.wikia.com//wiki/Marhwini,Human
485,marmadas.,http://lotr.wikia.com//wiki/Marmadas_Brandybuck,Hobbit
486,marroc.,http://lotr.wikia.com//wiki/Marroc_Brandybuck,Hobbit
487,master.,http://lotr.wikia.com//wiki/Master_of_Laketown,Human
488,meleth.,http://lotr.wikia.com//wiki/Meleth,Human
489,meneldil.,http://lotr.wikia.com//wiki/Meneldil,Human
490,meril-i-turinqi.,http://lotr.wikia.com//wiki/Meril-i-Turinqi,Elf
491,merimas.,http://lotr.wikia.com//wiki/Merimas_Brandybuck,Hobbit
492,minardil.,http://lotr.wikia.com//wiki/Minardil,Human
493,minohtar.,http://lotr.wikia.com//wiki/Minohtar,Human
494,mithrellas.,http://lotr.wikia.com//wiki/Mithrellas,Elf
495,morwen.,http://lotr.wikia.com//wiki/Morwen,Human
496,morwen.,http://lotr.wikia.com//wiki/Morwen_(Gondor),Human
497,morwë.,http://lotr.wikia.com//wiki/Morw%C3%AB,Elf
498,míriel.,http://lotr.wikia.com//wiki/M%C3%ADriel,Elf
499,mîm.,http://lotr.wikia.com//wiki/M%C3%AEm,Dwarf
500,narmacil.,http://lotr.wikia.com//wiki/Narmacil_I,Human
501,narmacil.,http://lotr.wikia.com//wiki/Narmacil_II,Human
502,naugladur.,http://lotr.wikia.com//wiki/Naugladur,Dwarf
503,nerdanel.,http://lotr.wikia.com//wiki/Nerdanel,Elf
504,nessanië.,http://lotr.wikia.com//wiki/Nessani%C3%AB,Human
505,nimrodel.,http://lotr.wikia.com//wiki/Nimrodel,Elf
506,nina.,http://lotr.wikia.com//wiki/Nina_Lightfoot,Hobbit
507,niënor.,http://lotr.wikia.com//wiki/Ni%C3%ABnor,Human
508,nob.,http://lotr.wikia.com//wiki/Nob,Hobbit
509,nolondil.,http://lotr.wikia.com//wiki/Nolondil,Human
510,nori.,http://lotr.wikia.com//wiki/Nori,Dwarf
511,nurwë.,http://lotr.wikia.com//wiki/Nurw%C3%AB,Elf
512,náin.,http://lotr.wikia.com//wiki/N%C3%A1in_(father_of_D%C3%A1in_II_Ironfoot),Dwarf
513,náin.,http://lotr.wikia.com//wiki/N%C3%A1in_I,Dwarf
514,náin.,http://lotr.wikia.com//wiki/N%C3%A1in_II,Dwarf
515,náli.,http://lotr.wikia.com//wiki/N%C3%A1li,Dwarf
516,nár.,http://lotr.wikia.com//wiki/N%C3%A1r,Dwarf
517,númendil.,http://lotr.wikia.com//wiki/N%C3%BAmendil,Human
518,núneth.,http://lotr.wikia.com//wiki/N%C3%BAneth,Human
519,ohtar.,http://lotr.wikia.com//wiki/Ohtar,Human
520,old.,http://lotr.wikia.com//wiki/Old_Noakes,Hobbit
521,olwë.,http://lotr.wikia.com//wiki/Olw%C3%AB,Elf
522,ondoher.,http://lotr.wikia.com//wiki/Ondoher,Human
523,orchaldor.,http://lotr.wikia.com//wiki/Orchaldor,Human
524,ori.,http://lotr.wikia.com//wiki/Ori,Dwarf
525,orodreth.,http://lotr.wikia.com//wiki/Orodreth,Elf
526,orodreth.,http://lotr.wikia.com//wiki/Orodreth_(Steward),Human
527,oromendil.,http://lotr.wikia.com//wiki/Oromendil,Human
528,oropher.,http://lotr.wikia.com//wiki/Oropher,Elf
529,orophin.,http://lotr.wikia.com//wiki/Orophin,Elf
530,ostoher.,http://lotr.wikia.com//wiki/Ostoher,Human
531,otho.,http://lotr.wikia.com//wiki/Otho_Sackville-Baggins,Hobbit
532,pelendur.,http://lotr.wikia.com//wiki/Pelendur,Human
533,pengolodh.,http://lotr.wikia.com//wiki/Pengolodh,Elf
534,mrs..,http://lotr.wikia.com//wiki/Mrs._Proudfoot,Hobbit
535,odo.,http://lotr.wikia.com//wiki/Odo_Proudfoot,Hobbit
536,radhruin.,http://lotr.wikia.com//wiki/Radhruin,Human
537,ragnir.,http://lotr.wikia.com//wiki/Ragnir,Human
538,ragnor.,http://lotr.wikia.com//wiki/Ragnor,Human
539,rowan.,http://lotr.wikia.com//wiki/Rowan_Greenhand,Hobbit
540,rudigar.,http://lotr.wikia.com//wiki/Rudigar_Bolger,Hobbit
541,rufus.,http://lotr.wikia.com//wiki/Rufus_Burrows,Hobbit
542,rían.,http://lotr.wikia.com//wiki/R%C3%ADan,Human
543,rían.,http://lotr.wikia.com//wiki/R%C3%ADan_(Gondor),Human
544,rómendacil.,http://lotr.wikia.com//wiki/R%C3%B3mendacil_I,Human
545,rómendacil.,http://lotr.wikia.com//wiki/R%C3%B3mendacil_II,Human
546,rúmil.,http://lotr.wikia.com//wiki/R%C3%BAmil_(Noldo),Elf
547,rúmil.,http://lotr.wikia.com//wiki/R%C3%BAmil_of_L%C3%B3rien,Elf
548,lobelia.,http://lotr.wikia.com//wiki/Lobelia_Sackville-Baggins,Hobbit
549,lotho.,http://lotr.wikia.com//wiki/Lotho_Sackville-Baggins,Hobbit
550,sadoc.,http://lotr.wikia.com//wiki/Sadoc_Brandybuck,Hobbit
551,sador.,http://lotr.wikia.com//wiki/Sador,Human
552,saelon.,http://lotr.wikia.com//wiki/Saelon,Human
553,sagroth.,http://lotr.wikia.com//wiki/Sagroth,Human
554,ted.,http://lotr.wikia.com//wiki/Ted_Sandyman,Hobbit
555,sangahyando.,http://lotr.wikia.com//wiki/Sangahyando,Human
556,saradas.,http://lotr.wikia.com//wiki/Saradas_Brandybuck,Hobbit
557,silmariën.,http://lotr.wikia.com//wiki/Silmari%C3%ABn,Human
558,siriondil.,http://lotr.wikia.com//wiki/Siriondil,Human
559,robin.,http://lotr.wikia.com//wiki/Robin_Smallburrow,Hobbit
560,soronto.,http://lotr.wikia.com//wiki/Soronto,Human
561,morwen.,http://lotr.wikia.com//wiki/Morwen_Steelsheen,Human
562,tar-alcarin.,http://lotr.wikia.com//wiki/Tar-Alcarin,Human
563,tar-aldarion.,http://lotr.wikia.com//wiki/Tar-Aldarion,Human
564,tar-amandil.,http://lotr.wikia.com//wiki/Tar-Amandil,Human
565,tar-ancalimon.,http://lotr.wikia.com//wiki/Tar-Ancalimon,Human
566,tar-ancalimë.,http://lotr.wikia.com//wiki/Tar-Ancalim%C3%AB,Human
567,tar-anárion.,http://lotr.wikia.com//wiki/Tar-An%C3%A1rion,Human
568,tar-ardamin.,http://lotr.wikia.com//wiki/Tar-Ardamin,Human
569,tar-atanamir.,http://lotr.wikia.com//wiki/Tar-Atanamir,Human
570,tar-calmacil.,http://lotr.wikia.com//wiki/Tar-Calmacil,Human
571,tar-ciryatan.,http://lotr.wikia.com//wiki/Tar-Ciryatan,Human
572,tar-elendil.,http://lotr.wikia.com//wiki/Tar-Elendil,Human
573,tar-meneldur.,http://lotr.wikia.com//wiki/Tar-Meneldur,Human
574,tar-minastir.,http://lotr.wikia.com//wiki/Tar-Minastir,Human
575,tar-míriel.,http://lotr.wikia.com//wiki/Tar-M%C3%ADriel,Human
576,tar-palantir.,http://lotr.wikia.com//wiki/Tar-Palantir,Human
577,tar-súrion.,http://lotr.wikia.com//wiki/Tar-S%C3%BArion,Human
578,tar-telemmaitë.,http://lotr.wikia.com//wiki/Tar-Telemmait%C3%AB,Human
579,tar-telperiën.,http://lotr.wikia.com//wiki/Tar-Telperi%C3%ABn,Human
580,tar-vanimeldë.,http://lotr.wikia.com//wiki/Tar-Vanimeld%C3%AB,Human
581,tarannon.,http://lotr.wikia.com//wiki/Tarannon_Falastur,Human
582,tarcil.,http://lotr.wikia.com//wiki/Tarcil,Human
583,tarciryan.,http://lotr.wikia.com//wiki/Tarciryan,Human
584,targon.,http://lotr.wikia.com//wiki/Targon,Human
585,tarondor.,http://lotr.wikia.com//wiki/Tarondor,Human
586,tarondor.,http://lotr.wikia.com//wiki/Tarondor_of_Arnor,Human
587,tata.,http://lotr.wikia.com//wiki/Tata,Elf
588,tatië.,http://lotr.wikia.com//wiki/Tati%C3%AB,Elf
589,telchar.,http://lotr.wikia.com//wiki/Telchar,Dwarf
590,telemnar.,http://lotr.wikia.com//wiki/Telemnar,Human
591,telumehtar.,http://lotr.wikia.com//wiki/Telumehtar,Human
592,the.,http://lotr.wikia.com//wiki/The_King_of_the_Dead,Human
593,thengel.,http://lotr.wikia.com//wiki/Thengel,Human
594,thorin.,http://lotr.wikia.com//wiki/Thorin_I,Dwarf
595,thorin.,http://lotr.wikia.com//wiki/Thorin_II_Oakenshield,Dwarf
596,thorin.,http://lotr.wikia.com//wiki/Thorin_III_Stonehelm,Dwarf
597,thorondir.,http://lotr.wikia.com//wiki/Thorondir,Human
598,thranduil.,http://lotr.wikia.com//wiki/Thranduil,Elf
599,thráin.,http://lotr.wikia.com//wiki/Thr%C3%A1in_I,Dwarf
600,thráin.,http://lotr.wikia.com//wiki/Thr%C3%A1in_II,Dwarf
601,thrór.,http://lotr.wikia.com//wiki/Thr%C3%B3r,Dwarf
602,théoden.,http://lotr.wikia.com//wiki/Th%C3%A9oden,Human
603,théodred.,http://lotr.wikia.com//wiki/Th%C3%A9odred,Human
604,tindómiel.,http://lotr.wikia.com//wiki/Tind%C3%B3miel,Human
605,faramir.,http://lotr.wikia.com//wiki/Faramir_Took_I,Hobbit
606,isumbras.,http://lotr.wikia.com//wiki/Isumbras_Took_I,Hobbit
607,fortinbras.,http://lotr.wikia.com//wiki/Fortinbras_Took_II,Hobbit
608,isengrim.,http://lotr.wikia.com//wiki/Isengrim_Took_II,Hobbit
609,isumbras.,http://lotr.wikia.com//wiki/Isumbras_Took_III,Hobbit
610,adalgrim.,http://lotr.wikia.com//wiki/Adalgrim_Took,Hobbit
611,adamanta.,http://lotr.wikia.com//wiki/Adamanta_(Chubb)_Took,Hobbit
612,adelard.,http://lotr.wikia.com//wiki/Adelard_Took,Hobbit
613,bandobras.,http://lotr.wikia.com//wiki/Bandobras_Took,Hobbit
614,ferumbras.,http://lotr.wikia.com//wiki/Ferumbras_III_Took,Hobbit
615,gerontius.,http://lotr.wikia.com//wiki/Gerontius_Took,Hobbit
616,hildibrand.,http://lotr.wikia.com//wiki/Hildibrand_Took,Hobbit
617,hildifons.,http://lotr.wikia.com//wiki/Hildifons_Took,Hobbit
618,hildigrim.,http://lotr.wikia.com//wiki/Hildigrim_Took,Hobbit
619,isembard.,http://lotr.wikia.com//wiki/Isembard_Took,Hobbit
620,paladin.,http://lotr.wikia.com//wiki/Paladin_Took_II,Hobbit
621,pearl.,http://lotr.wikia.com//wiki/Pearl_Took,Hobbit
622,peregrin.,http://lotr.wikia.com//wiki/Peregrin_Took,Hobbit
623,rosa.,http://lotr.wikia.com//wiki/Rosa_(Baggins)_Took,Hobbit
624,sigismond.,http://lotr.wikia.com//wiki/Sigismond_Took,Hobbit
625,tulkastor.,http://lotr.wikia.com//wiki/Tulkastor,Elf
626,tuor.,http://lotr.wikia.com//wiki/Tuor,Human
627,turambar.,http://lotr.wikia.com//wiki/Turambar,Human
628,turgon.,http://lotr.wikia.com//wiki/Turgon,Elf
629,turgon.,http://lotr.wikia.com//wiki/Turgon_(Steward),Human
630,túrin.,http://lotr.wikia.com//wiki/T%C3%BArin,Human
631,túrin.,http://lotr.wikia.com//wiki/T%C3%BArin_I,Human
632,túrin.,http://lotr.wikia.com//wiki/T%C3%BArin_II,Human
633,ulbar.,http://lotr.wikia.com//wiki/Ulbar,Human
634,uldor.,http://lotr.wikia.com//wiki/Uldor,Human
635,ulfang.,http://lotr.wikia.com//wiki/Ulfang,Human
636,ulfast.,http://lotr.wikia.com//wiki/Ulfast,Human
637,ulwarth.,http://lotr.wikia.com//wiki/Ulwarth,Human
638,urthel.,http://lotr.wikia.com//wiki/Urthel,Human
639,vairë.,http://lotr.wikia.com//wiki/Vair%C3%AB_(Elf),Elf
640,valacar.,http://lotr.wikia.com//wiki/Valacar,Human
641,valandil.,http://lotr.wikia.com//wiki/Valandil,Human
642,valandil.,http://lotr.wikia.com//wiki/Valandil_of_And%C3%BAni%C3%AB,Human
643,valandur.,http://lotr.wikia.com//wiki/Valandur,Human
644,vardamir.,http://lotr.wikia.com//wiki/Vardamir_N%C3%B3limon,Human
645,vardilmë.,http://lotr.wikia.com//wiki/Vardilm%C3%AB,Human
646,vidugavia.,http://lotr.wikia.com//wiki/Vidugavia,Human
647,vidumavi.,http://lotr.wikia.com//wiki/Vidumavi,Human
648,vorondil.,http://lotr.wikia.com//wiki/Vorondil,Human
649,voronwë.,http://lotr.wikia.com//wiki/Voronw%C3%AB,Elf
650,vëantur.,http://lotr.wikia.com//wiki/V%C3%ABantur,Human
651,walda.,http://lotr.wikia.com//wiki/Walda,Human
652,willie.,http://lotr.wikia.com//wiki/Willie_Banks,Hobbit
653,wiseman.,http://lotr.wikia.com//wiki/Wiseman_Gamwich,Hobbit
654,wulf.,http://lotr.wikia.com//wiki/Wulf_I,Human
655,wídfara.,http://lotr.wikia.com//wiki/W%C3%ADdfara,Human
656,yávien.,http://lotr.wikia.com//wiki/Y%C3%A1vien,Human
657,éofor.,http://lotr.wikia.com//wiki/%C3%89ofor,Human
658,éomund.,http://lotr.wikia.com//wiki/%C3%89omund,Human
659,éothain.,http://lotr.wikia.com//wiki/%C3%89othain,Human
660,írildë.,http://lotr.wikia.com//wiki/%C3%8Drild%C3%AB,Human
661,írimë.,http://lotr.wikia.com//wiki/%C3%8Drim%C3%AB,Elf
662,óin.,http://lotr.wikia.com//wiki/%C3%93in,Dwarf
663,óin.,http://lotr.wikia.com//wiki/%C3%93in_(King_of_Durin%27s_Folk),Dwarf
664,bingo.,http://lotr.wikia.com//wiki/Bingo_Baggins,Hobbit
665,chica.,http://lotr.wikia.com//wiki/Chica_(Chubb)_Baggins,Hobbit
666,dora.,http://lotr.wikia.com//wiki/Dora_Baggins,Hobbit
667,largo.,http://lotr.wikia.com//wiki/Largo_Baggins,Hobbit
668,mimosa.,http://lotr.wikia.com//wiki/Mimosa_(Bunce)_Baggins,Hobbit
669,pansy.,http://lotr.wikia.com//wiki/Pansy_Baggins,Hobbit
670,polo.,http://lotr.wikia.com//wiki/Polo_Baggins,Hobbit
671,ponto.,http://lotr.wikia.com//wiki/Ponto_Baggins_I,Hobbit
672,ruby.,http://lotr.wikia.com//wiki/Ruby_(Bolger)_Baggins,Hobbit
673,adalgar.,http://lotr.wikia.com//wiki/Adalgar_Bolger,Hobbit
674,gundahar.,http://lotr.wikia.com//wiki/Gundahar_Bolger,Hobbit
675,prisca.,http://lotr.wikia.com//wiki/Prisca_(Baggins)_Bolger,Hobbit
676,rudibert.,http://lotr.wikia.com//wiki/Rudibert_Bolger,Hobbit
677,theobald.,http://lotr.wikia.com//wiki/Theobald_Bolger,Hobbit
678,wilimar.,http://lotr.wikia.com//wiki/Wilimar_Bolger,Hobbit
679,camellia.,http://lotr.wikia.com//wiki/Camellia_(Sackville)_Baggins,Hobbit
680,everard.,http://lotr.wikia.com//wiki/Everard_Took,Hobbit
681,ferdibrand.,http://lotr.wikia.com//wiki/Ferdibrand_Took,Hobbit
682,ferdinand.,http://lotr.wikia.com//wiki/Ferdinand_Took,Hobbit
683,flambard.,http://lotr.wikia.com//wiki/Flambard_Took,Hobbit
684,lalia.,http://lotr.wikia.com//wiki/Lalia_(Clayhanger)_Took,Hobbit
685,pervinca.,http://lotr.wikia.com//wiki/Pervinca_Took,Hobbit
686,pimpernel.,http://lotr.wikia.com//wiki/Pimpernel_Took,Hobbit
687,reginard.,http://lotr.wikia.com//wiki/Reginard_Took,Hobbit
688,ruby.,http://lotr.wikia.com//wiki/Ruby_Gamgee,Hobbit
689,rudolph.,http://lotr.wikia.com//wiki/Rudolph_Bolger,Hobbit
690,tanta.,http://lotr.wikia.com//wiki/Tanta_(Hornblower)_Baggins,Hobbit
691,inigo.,http://lotr.wikia.com//wiki/Inigo_Baggins,Hobbit
692,tanta.,http://lotr.wikia.com//wiki/Tanta_Hornblower,Hobbit
693,tobold.,http://lotr.wikia.com//wiki/Tobold_Hornblower,Hobbit
694,lily.,http://lotr.wikia.com//wiki/Lily_(Baggins)_Goodbody,Hobbit
695,bell.,http://lotr.wikia.com//wiki/Bell_(Goodchild)_Gamgee,Hobbit
696,togo.,http://lotr.wikia.com//wiki/Togo_Goodbody,Hobbit
697,goldberry.,http://lotr.wikia.com//wiki/Goldberry,Hobbit
698,goldilocks.,http://lotr.wikia.com//wiki/Goldilocks_(Gardner)_Took,Hobbit
699,merry.,http://lotr.wikia.com//wiki/Merry_Gamgee,Hobbit
700,bilbo.,http://lotr.wikia.com//wiki/Bilbo_Gamgee,Hobbit
701,halfast.,http://lotr.wikia.com//wiki/Halfast_Gamgee,Hobbit
702,rose.,http://lotr.wikia.com//wiki/Rose_Gamgee,Hobbit
703,hamfast.,http://lotr.wikia.com//wiki/Hamfast_Gardner,Hobbit
704,pippin.,http://lotr.wikia.com//wiki/Pippin_Gamgee,Hobbit
705,primrose.,http://lotr.wikia.com//wiki/Primrose_Gardner,Hobbit
706,robin.,http://lotr.wikia.com//wiki/Robin_Gardner,Hobbit
707,durin.,http://lotr.wikia.com//wiki/Durin,Dwarf
708,poppy.,http://lotr.wikia.com//wiki/Poppy_(Chubb-Baggins)_Bolger,Hobbit
709,tolman.,http://lotr.wikia.com//wiki/Tolman_Cotton_Jr.,Hobbit
710,carl.,http://lotr.wikia.com//wiki/Carl_Cotton,Hobbit
711,wilcome.,http://lotr.wikia.com//wiki/Wilcome_Cotton,Hobbit
712,daisy.,http://lotr.wikia.com//wiki/Daisy_Gamgee,Hobbit
713,berilac.,http://lotr.wikia.com//wiki/Berilac_Brandybuck,Hobbit
714,doderic.,http://lotr.wikia.com//wiki/Doderic_Brandybuck,Hobbit
715,gorbadoc.,http://lotr.wikia.com//wiki/Gorbadoc_Brandybuck,Hobbit
716,ilberic.,http://lotr.wikia.com//wiki/Ilberic_Brandybuck,Hobbit
717,marmadoc.,http://lotr.wikia.com//wiki/Marmadoc_Brandybuck,Hobbit
718,merimac.,http://lotr.wikia.com//wiki/Merimac_Brandybuck,Hobbit
719,orgulas.,http://lotr.wikia.com//wiki/Orgulas_Brandybuck,Hobbit
720,rorimac.,http://lotr.wikia.com//wiki/Rorimac_Brandybuck,Hobbit
721,salvia.,http://lotr.wikia.com//wiki/Salvia_(Brandybuck)_Bolger,Hobbit
722,bilbo.,http://lotr.wikia.com//wiki/Bilbo_Gardner,Hobbit
723,briffo.,http://lotr.wikia.com//wiki/Briffo_Boffin,Hobbit
724,gruffo.,http://lotr.wikia.com//wiki/Gruffo_Boffin,Hobbit
725,lavender.,http://lotr.wikia.com//wiki/Lavender_(Grubb)_Boffin,Hobbit
726,uffo.,http://lotr.wikia.com//wiki/Uffo_Boffin,Hobbit
727,bodo.,http://lotr.wikia.com//wiki/Bodo_Proudfoot,Hobbit
728,linda.,http://lotr.wikia.com//wiki/Linda_(Baggins)_Proudfoot,Hobbit
729,sancho.,http://lotr.wikia.com//wiki/Sancho_Proudfoot,Hobbit
730,olo.,http://lotr.wikia.com//wiki/Olo_Proudfoot,Hobbit
731,nimloth.,http://lotr.wikia.com//wiki/Nimloth_(elf),Elf
732,saradoc.,http://lotr.wikia.com//wiki/Saradoc_Brandybuck,Hobbit
733,gríma.,http://lotr.wikia.com//wiki/Gr%C3%ADma_Wormtongue,Human
734,gollum.,http://lotr.wikia.com//wiki/Gollum,Hobbit
735,legolas.,http://lotr.wikia.com//wiki/Legolas_(elf_of_Gondolin),Elf
736,elemmakil.,http://lotr.wikia.com//wiki/Elemmakil,Elf
737,radagast.,http://lotr.wikia.com//wiki/Radagast,Maiar
738,gandalf.,http://lotr.wikia.com//wiki/Gandalf,Maiar
739,saruman.,http://lotr.wikia.com//wiki/Saruman,Maiar
740,tilion.,http://lotr.wikia.com//wiki/Tilion,Maiar
741,sauron.,http://lotr.wikia.com//wiki/Sauron,Maiar
742,eönwë.,http://lotr.wikia.com//wiki/E%C3%B6nw%C3%AB,Maiar
743,durin's.,http://lotr.wikia.com//wiki/Durin%27s_Bane,Maiar
744,alatar.,http://lotr.wikia.com//wiki/Alatar,Maiar
745,pallando.,http://lotr.wikia.com//wiki/Pallando,Maiar
746,arien.,http://lotr.wikia.com//wiki/Arien,Maiar
747,uinen.,http://lotr.wikia.com//wiki/Uinen,Maiar
748,moro.,http://lotr.wikia.com//wiki/Moro_Burrows,Hobbit
749,mosco.,http://lotr.wikia.com//wiki/Mosco_Burrows,Hobbit
750,myrtle.,http://lotr.wikia.com//wiki/Myrtle_Burrows,Hobbit
751,thingol.,http://lotr.wikia.com//wiki/Thingol,Elf
752,théodwyn.,http://lotr.wikia.com//wiki/Th%C3%A9odwyn,Human
753,eärendil.,http://lotr.wikia.com//wiki/E%C3%A4rendil,Human
754,harry.,http://lotr.wikia.com//wiki/Harry_Goatleaf,Human
